trial_store,sales_did,sales_uplift_pct,cust_did,cust_uplift_pct,txn_did,txn_uplift_pct
77,23.77777777777777,9.796612386371065,5.285714285714285,12.374581939799329,5.269841269841272,11.673699015471172
86,75.48492063492051,8.634107771341514,11.222222222222214,11.270524469950574,12.142857142857139,9.70319634703196
88,163.76984126984144,12.216941140808325,9.349206349206355,7.436868686868692,18.53968253968253,12.117439568419956
