trial_store,control_store,avg_monthly_sales_CONTROL_PRE,avg_monthly_sales_CONTROL_TRIAL,avg_monthly_sales_TRIAL_PRE,avg_monthly_sales_TRIAL_TRIAL,avg_monthly_customers_CONTROL_PRE,avg_monthly_customers_CONTROL_TRIAL,avg_monthly_customers_TRIAL_PRE,avg_monthly_customers_TRIAL_TRIAL,avg_monthly_txn_CONTROL_PRE,avg_monthly_txn_CONTROL_TRIAL,avg_monthly_txn_TRIAL_PRE,avg_monthly_txn_TRIAL_TRIAL,avg_sales_per_cust_CONTROL_PRE,avg_sales_per_cust_CONTROL_TRIAL,avg_sales_per_cust_TRIAL_PRE,avg_sales_per_cust_TRIAL_TRIAL,sales_did,customers_did,txn_did,sales_uplift_pct,customers_uplift_pct,txn_uplift_pct
77,233,237.1142857142857,200.56666666666666,242.71428571428572,259,42.57142857142857,38.333333333333336,42.714285714285715,47.333333333333336,44.42857142857143,40,45.142857142857146,49.333333333333336,5.56979865771812,5.232173913043478,5.682274247491639,5.471830985915493,52.833333333333314,8.857142857142854,8.61904761904762,21.76770649401608,20.73578595317725,19.092827004219412
86,155,901.2428571428571,846.7333333333333,874.2642857142857,929.4,99.57142857142857,96,99.57142857142857,109,128.57142857142858,121,125.14285714285714,134.66666666666666,9.051219512195122,8.82013888888889,8.780272596843616,8.526605504587156,109.64523809523803,13,17.095238095238102,12.541429392332592,13.055954088952653,13.66057838660579
88,237,1338.4285714285713,1272.5333333333333,1340.5142857142857,1428.9333333333334,126.42857142857143,121.66666666666667,125.71428571428571,128.66666666666666,152.42857142857142,142,153,161.33333333333334,10.5864406779661,10.45917808219178,10.663181818181819,11.105699481865287,154.3142857142857,7.714285714285708,18.76190476190476,11.51157338334967,6.136363636363632,12.262682850918143
