trial_store,trial_sales_PRE,trial_sales_TRIAL,control_sales_PRE,control_sales_TRIAL,trial_cust_PRE,trial_cust_TRIAL,control_cust_PRE,control_cust_TRIAL,trial_txn_PRE,trial_txn_TRIAL,control_txn_PRE,control_txn_TRIAL,sales_did,cust_did,txn_did,sales_uplift_pct,cust_uplift_pct,txn_uplift_pct
77,242.71428571428572,259,221.54761904761904,214.05555555555554,42.714285714285715,47.333333333333336,42.666666666666664,42,45.142857142857146,49.333333333333336,44.523809523809526,43.44444444444444,23.77777777777777,5.285714285714285,5.269841269841272,9.796612386371065,12.374581939799329,11.673699015471172
86,874.2642857142857,929.4,887.5047619047618,867.1555555555556,99.57142857142857,109,99.57142857142857,97.77777777777779,125.14285714285714,134.66666666666666,126.95238095238095,124.33333333333333,75.48492063492051,11.222222222222214,12.142857142857139,8.634107771341514,11.270524469950574,9.70319634703196
88,1340.5142857142857,1428.9333333333334,1294.2619047619048,1218.911111111111,125.71428571428571,128.66666666666666,123.28571428571429,116.88888888888889,153,161.33333333333334,146.42857142857142,136.22222222222223,163.76984126984144,9.349206349206355,18.53968253968253,12.216941140808325,7.436868686868692,12.117439568419956
