trial_store,control_store,mean_corr,mean_dist,score
77,233,0.9508511705569389,7.2285714285714295,0.22799402769979593
86,155,0.821017055318855,13.297619047619047,-0.5087448494430499
88,237,0.6596783859944895,22.1904761904762,-1.5593692330531306
